{
  "id": "837d55c9-718f-492f-9461-a094ce9d1eb7",
  "generation": 4,
  "iteration": 39,
  "timestamp": 1771890001.740796,
  "parent_id": "dae0e3c2-9b0a-4350-a3f8-6bc1ce215f42",
  "metrics": {
    "score": 0.911093656699049,
    "quality": 0.979449935078125,
    "throughput": 0.8085592391304349,
    "code_size": 41,
    "combined_score": 0.911093656699049,
    "avalanche": 31.975477,
    "collisions": 0,
    "compile_errors": "",
    "test_details": "Compilation: OK\nSanity check: OK\nStage 1 (correctness): 1.00 \u2014 collisions=0, chi_sq=60658.479104\nStage 2 (quality): 0.941 \u2014 avalanche=31.98, diffusion=34.46, bitindep=0.0063\nStage 3 (extended dist): 1.00 \u2014 passed=5/5\nStage 4 (throughput): 0.809 \u2014 weighted_avg=6.47 GB/s\nStage 5 (seed indep): 1.000 \u2014 avg_flips=31.998158\n\nFinal: quality=0.979, throughput=0.809\nCombined score: 0.911"
  },
  "language": "c",
  "saved_at": 1771892511.9010313
}