{
  "id": "87608042-6e53-42bf-934b-856da70b7676",
  "generation": 3,
  "iteration": 79,
  "timestamp": 1771912395.32061,
  "parent_id": "cc5dc862-e038-418f-b0b6-e13e8cbb6165",
  "metrics": {
    "combined_score": 0.9244962425243403,
    "quality": 0.9830266278119147,
    "throughput": 0.78792534352,
    "state_bits": 64.0,
    "ops_per_sec": 1181888015.28,
    "practrand_score": 1.0,
    "practrand_levels_passed": 29.0,
    "basic_stats": 0.9575665695297868
  },
  "language": "cpp",
  "saved_at": 1771925374.9829373
}